Plotcode,Brorub,Brotec,Erocic,Schbar,Cover,Species
SNP001,0.39,0.00,0.99,1.43,2.81,3
SNP002,0.29,0.00,1.33,3.99,5.61,3
SNP003,0.21,0.00,0.49,4.05,4.75,3
SNP004,0.29,0.00,2.95,9.77,13.01,3
SNP005,0.03,0.01,0.00,7.49,7.53,3
SNP006,0.11,0.00,0.04,0.45,0.60,3
SNP007,0.13,0.00,0.00,0.66,0.79,2
SNP008,0.31,0.00,0.00,0.41,0.72,2
SNP009,0.54,0.00,4.21,2.95,7.70,3
SNP010,1.82,0.00,8.85,2.48,13.15,3
SNP011,5.28,0.00,5.81,1.66,12.75,3
SNP012,1.69,0.00,6.33,1.59,9.61,3
SNP013,0.15,0.00,0.00,0.00,0.15,1
SNP014,1.16,0.00,0.00,0.00,1.16,1
SNP016,0.16,0.00,0.00,0.01,0.17,2
SNP017,0.45,0.00,0.00,0.19,0.64,2
SNP018,0.27,0.00,0.04,0.11,0.42,3
SNP019,0.16,0.00,0.00,0.21,0.37,2
SNP020,0.46,0.00,0.01,0.23,0.70,3
SNP021,0.49,0.05,0.00,0.00,0.54,2
SNP022,0.11,0.32,0.00,0.00,0.43,2
SNP023,0.62,0.00,0.00,0.00,0.62,1
SNP024,0.44,0.00,0.00,0.00,0.44,1
SNP025,0.50,0.00,0.00,0.00,0.50,1
SNP026,0.04,0.00,0.00,0.00,0.04,1
SNP027,5.14,0.14,0.00,0.00,5.28,2
SNP028,1.08,0.01,0.00,0.00,1.09,2
SNP029,0.23,0.00,0.00,0.00,0.23,1
SNP030,0.02,0.00,0.00,0.00,0.02,1
SNP031,0.00,0.00,0.00,0.00,0.00,0
SNP032,0.09,0.00,0.00,0.00,0.09,1
SNP033,0.00,0.00,0.00,3.93,3.93,1
SNP034,0.88,0.00,0.40,2.28,3.56,3
SNP035,0.03,0.00,0.27,2.62,2.92,3
SNP036,0.00,0.00,0.00,2.43,2.43,1
SNP037,0.00,0.47,0.00,0.00,0.47,1
SNP038,0.00,0.57,0.00,0.00,0.57,1
SNP039,0.00,0.53,0.13,0.00,0.66,2
SNP040,0.00,2.69,0.00,0.00,2.69,1
SNP041,0.00,0.18,0.00,0.00,0.18,1
SNP042,0.00,0.75,0.00,0.00,0.75,1
SNP043,0.00,0.48,0.00,0.00,0.48,1
SNP044,0.00,3.00,0.00,0.00,3.00,1
SNP045,0.00,0.01,0.00,0.00,0.01,1
SNP046,0.00,0.00,0.00,0.00,0.00,0
SNP047,0.00,0.00,0.00,0.00,0.00,0
SNP048,0.00,0.03,0.00,0.00,0.03,1
SNP049,0.00,0.00,0.00,0.00,0.00,0
SNP050,0.00,0.00,0.00,0.00,0.00,0
SNP051,0.00,0.00,0.00,0.00,0.00,0
SNP052,0.00,0.93,0.00,0.00,0.93,1
SNP053,0.00,0.00,0.00,0.00,0.00,0
SNP054,0.00,0.08,0.00,0.09,0.17,2
SNP055,0.00,0.02,0.00,0.00,0.02,1
SNP056,0.00,0.63,0.00,0.00,0.63,1
SNP057,0.00,0.04,0.00,0.00,0.04,1
SNP058,0.01,6.25,0.00,0.00,6.26,2
SNP059,0.00,0.68,0.00,0.00,0.68,1
SNP060,0.00,0.00,0.00,0.00,0.00,0
SNP061,0.48,0.21,0.00,0.00,0.69,2
SNP062,0.61,0.25,0.00,0.00,0.86,2
SNP063,0.27,0.73,0.00,0.00,1.00,2
SNP064,0.00,0.47,0.00,0.00,0.47,1
SNP101,0.00,0.06,6.76,0.00,6.82,2
SNP102,1.59,0.21,0.00,0.00,1.80,2
SNP103,9.80,0.00,2.21,0.00,12.01,2
SNP104,5.00,0.00,17.77,0.00,22.77,2
SNP105,0.00,0.00,0.23,0.00,0.23,1
SNP106,0.27,0.00,0.06,0.00,0.33,2
SNP107,0.00,14.20,0.11,0.00,14.31,2
SNP108,0.00,4.26,0.00,0.00,4.26,1
SNP110,24.20,2.71,11.40,0.00,38.31,3
SNP111,0.00,1.20,8.80,0.00,10.00,2
SNP112,1.62,4.73,0.43,0.00,6.78,3
SNP113,0.00,23.27,3.77,0.00,27.04,2
SNP114,0.02,0.00,0.10,0.00,0.12,2
SNP116,0.39,0.18,0.00,0.00,0.57,2
SNP117,0.00,8.80,0.00,0.00,8.80,1
SNP120,1.73,0.00,14.40,0.00,16.13,2
SNP121,0.00,7.53,0.98,0.00,8.51,2
SNP122,0.00,10.20,0.00,0.00,10.20,1
SNP123,0.51,0.00,0.00,0.00,0.51,1
SNP124,0.64,0.00,0.00,0.00,0.64,1
SNP125,0.00,2.91,0.00,0.00,2.91,1
SNP126,0.00,4.43,0.00,0.00,4.43,1
SNP128,5.69,0.00,5.02,0.00,10.71,2
SNP130,0.03,4.67,0.00,0.00,4.70,2
SNP131,0.00,7.93,0.07,0.00,8.00,2
SNP133,0.49,1.87,0.00,0.00,2.36,2
SNP134,1.53,0.00,0.47,0.05,2.05,3
SNP136,8.42,0.00,2.23,0.00,10.65,2
SNP139,0.00,20.07,0.24,0.00,20.31,2
SNP140,0.00,13.47,0.09,0.00,13.56,2
SNP141,1.05,0.00,0.00,0.00,1.05,1
SNP142,0.00,13.44,0.00,0.00,13.44,1
SNP143,0.00,0.00,0.43,0.00,0.43,1
SNP144,0.00,2.05,0.00,0.00,2.05,1
SNP145,0.73,0.00,0.00,0.00,0.73,1
SNP147,2.49,0.00,0.00,0.01,2.50,2
SNP151,0.00,3.67,9.40,0.00,13.07,2
SNP152,4.99,0.00,10.33,0.00,15.32,2
SNP153,0.00,9.73,0.03,0.00,9.76,2
SNP154,0.00,7.07,0.00,0.00,7.07,1
SNP155,12.95,0.00,8.02,0.05,21.02,3
SNP156,0.00,13.67,0.05,0.00,13.72,2
SNP157,1.95,0.00,0.00,0.00,1.95,1
SNP158,0.67,0.00,6.82,0.00,7.49,2
SNP160,0.00,1.85,0.00,0.00,1.85,1
SNP161,3.46,0.00,7.93,0.00,11.39,2
SNP162,0.01,1.92,0.00,0.00,1.93,2
SNP163,0.00,12.27,0.12,0.00,12.39,2
SNP164,15.51,0.00,0.00,0.00,15.51,1
SNP165,0.00,36.53,0.00,0.00,36.53,1
SNP166,0.04,17.40,9.44,0.00,26.88,3
SNP169,0.10,2.49,0.01,0.00,2.60,3
SNP170,0.13,0.40,0.00,0.00,0.53,2
SNP171,0.00,44.80,0.00,0.00,44.80,1
SNP174,0.00,10.72,0.00,0.05,10.77,2
SNP175,8.62,0.00,4.07,0.00,12.69,2
SNP177,0.00,12.41,0.00,0.00,12.41,1
SNP179,0.00,1.70,0.94,0.00,2.64,2
SNP180,0.00,26.05,0.00,0.00,26.05,1
SNP181,0.00,50.93,0.00,0.00,50.93,1
SNP201,0.11,37.27,1.47,0.00,38.85,3
SNP202,0.06,0.00,3.18,0.48,3.72,3
SNP203,0.00,11.27,0.00,0.00,11.27,1
SNP204,0.41,0.00,9.59,0.67,10.67,3
SNP205,0.49,0.00,12.18,4.79,17.46,3
SNP206,0.09,8.78,0.00,0.00,8.87,2
SNP207,4.09,0.00,50.00,0.04,54.13,3
SNP208,1.19,0.00,1.60,0.00,2.79,2
SNP209,2.89,0.00,0.73,0.00,3.62,2
SNP210,1.13,0.00,0.51,0.00,1.64,2
SNP211,0.16,41.93,0.00,0.00,42.09,2
SNP213,4.52,0.05,26.69,0.27,31.53,4
SNP214,1.81,0.00,4.03,0.00,5.84,2
SNP216,0.37,0.00,4.57,0.00,4.94,2
SNP217,0.79,0.00,20.73,0.00,21.52,2
SNP218,0.48,0.78,0.31,0.00,1.57,3
SNP219,10.67,0.00,7.45,0.00,18.12,2
SNP221,0.29,0.00,3.69,0.00,3.98,2
SNP222,1.76,0.00,1.84,0.00,3.60,2
SNP224,0.86,1.53,3.70,0.00,6.09,3
SNP225,0.53,0.00,16.27,0.00,16.80,2
SNP226,3.71,0.00,17.27,1.21,22.19,3
SNP227,0.00,6.43,22.93,0.02,29.38,3
SNP228,0.57,0.00,3.01,0.08,3.66,3
SNP230,0.00,44.47,0.07,0.01,44.55,3
SNP231,2.05,0.22,2.76,0.00,5.03,3
SNP232,4.94,0.00,9.40,0.00,14.34,2
SNP235,0.22,19.53,0.00,0.00,19.75,2
SNP236,13.33,0.00,12.07,0.00,25.40,2
SNP237,0.00,1.95,1.63,0.13,3.71,3
SNP238,0.56,0.00,30.40,0.52,31.48,3
SNP239,0.36,0.00,37.47,0.00,37.83,2
SNP240,1.01,0.00,11.53,0.00,12.54,2
SNP241,5.87,0.00,7.25,0.24,13.36,3
SNP242,0.47,0.00,13.33,1.33,15.13,3
SNP243,0.47,0.00,0.87,1.91,3.25,3
SNP245,1.03,0.00,16.79,0.00,17.82,2
SNP246,0.01,0.33,1.58,0.00,1.92,3
SNP247,13.10,0.00,34.40,0.00,47.50,2
SNP248,0.00,7.47,0.02,0.00,7.49,2
SNP249,0.87,0.00,4.89,0.71,6.47,3
SNP250,0.00,15.87,8.09,0.00,23.96,2
SNP251,0.45,0.00,43.44,1.67,45.56,3
SNP252,0.47,0.00,2.30,2.39,5.16,3
SNP253,0.10,0.14,0.42,0.00,0.66,3
SNP254,2.81,0.00,7.11,0.00,9.92,2
SNP255,0.57,0.00,17.61,0.00,18.18,2
SNP256,0.27,4.14,0.00,0.00,4.41,2
SNP257,0.48,0.18,7.92,0.00,8.58,3
SNP258,3.36,0.00,8.95,0.95,13.26,3
SNP260,1.57,0.00,48.07,0.00,49.64,2
SNP261,0.48,0.00,16.60,0.00,17.08,2
SNP262,3.63,0.00,2.27,0.00,5.90,2
SNP263,1.22,0.08,0.13,0.26,1.69,4
SNP264,0.35,0.00,0.18,0.04,0.57,3
SNP265,0.00,27.40,0.00,0.00,27.40,1
SNP266,0.00,18.67,0.05,0.00,18.72,2
SNP267,0.39,0.00,0.00,0.00,0.39,1
SNP268,0.55,0.00,11.28,7.19,19.02,3
SNP269,16.22,0.00,4.73,0.00,20.95,2
SNP270,7.19,0.16,0.10,0.00,7.45,3
SNP271,28.20,0.58,2.83,0.00,31.61,3
SNP272,2.29,0.00,7.19,0.00,9.48,2
SNP273,1.67,0.00,42.67,0.00,44.34,2
SNP274,3.79,0.00,2.01,0.00,5.80,2
SNP275,1.07,0.00,0.87,0.26,2.20,3
SNP276,0.00,14.87,0.00,0.00,14.87,1
SNP277,0.00,4.13,15.87,0.00,20.00,2
SNP278,1.68,0.00,14.63,0.00,16.31,2
SNP279,0.00,0.27,5.77,0.00,6.04,2
SNP280,0.00,9.44,0.09,0.00,9.53,2
SNP281,0.31,5.48,0.07,0.00,5.86,3
SNP282,0.97,60.33,0.00,0.00,61.30,2
SNP302,0.00,1.25,0.00,0.00,1.25,1
SNP303,0.05,1.49,11.33,0.00,12.87,3
SNP304,0.09,1.10,3.78,0.00,4.97,3
SNP305,0.00,10.29,0.00,0.00,10.29,1
SNP306,0.29,1.41,6.63,0.00,8.33,3
SNP307,0.48,0.00,0.00,0.00,0.48,1
SNP308,0.51,0.46,46.20,0.00,47.17,3
SNP309,1.23,0.00,9.53,0.00,10.76,2
SNP311,0.60,2.95,0.00,0.00,3.55,2
SNP313,0.05,1.31,10.67,0.00,12.03,3
SNP314,0.45,0.26,0.57,0.00,1.28,3
SNP315,0.65,0.00,1.13,0.00,1.78,2
SNP316,0.00,10.47,10.47,0.00,20.94,2
SNP317,0.37,0.06,5.53,0.00,5.96,3
SNP318,0.00,0.55,70.47,0.00,71.02,2
SNP320,0.09,2.02,39.53,0.00,41.64,3
SNP321,2.12,0.31,3.75,0.00,6.18,3
SNP322,0.00,31.07,0.00,0.00,31.07,1
SNP323,4.74,7.19,28.57,0.00,40.50,3
SNP325,0.00,10.59,0.00,0.00,10.59,1
SNP327,0.00,8.47,0.00,0.00,8.47,1
SNP329,0.53,0.49,5.13,0.00,6.15,3
SNP330,2.30,0.00,13.82,0.00,16.12,2
SNP331,0.00,25.21,0.00,0.00,25.21,1
SNP334,1.20,0.70,4.26,0.00,6.16,3
SNP335,1.46,0.93,47.53,0.05,49.97,4
SNP336,0.00,0.89,0.00,0.00,0.89,1
SNP337,0.00,1.17,0.09,0.00,1.26,2
SNP339,7.07,0.00,13.95,0.00,21.02,2
SNP340,0.91,0.10,10.50,0.00,11.51,3
SNP342,0.47,1.09,35.67,0.00,37.23,3
SNP343,1.39,0.00,21.17,0.00,22.56,2
SNP345,0.38,0.33,25.73,0.00,26.44,3
SNP346,0.43,0.27,31.51,0.00,32.21,3
SNP348,1.01,0.00,1.70,0.03,2.74,3
SNP349,0.00,7.31,0.00,0.00,7.31,1
SNP350,0.32,0.20,10.37,0.00,10.89,3
SNP351,0.40,0.25,0.00,0.00,0.65,2
SNP353,0.00,0.07,0.00,0.00,0.07,1
SNP354,0.00,0.26,0.00,0.00,0.26,1
SNP356,3.58,0.00,17.57,0.01,21.16,3
SNP358,1.62,0.00,0.11,0.00,1.73,2
SNP359,0.00,11.87,0.00,0.00,11.87,1
SNP360,0.00,21.87,0.00,0.01,21.88,2
SNP361,0.38,0.00,3.59,0.00,3.97,2
SNP362,4.60,0.00,0.00,0.00,4.60,1
SNP363,0.00,18.73,0.00,0.00,18.73,1
SNP364,0.00,11.05,0.00,0.00,11.05,1
SNP365,0.20,0.78,7.53,0.00,8.51,3
SNP366,1.86,0.00,3.67,0.04,5.57,3
SNP368,0.00,0.95,0.00,0.00,0.95,1
SNP369,0.61,0.00,0.08,0.00,0.69,2
SNP370,6.01,0.00,0.00,0.00,6.01,1
SNP371,0.00,2.08,0.00,0.00,2.08,1
SNP372,1.79,0.00,5.26,0.00,7.05,2
SNP373,0.14,3.07,0.00,0.00,3.21,2
SNP376,0.18,0.51,9.73,0.00,10.42,3
SNP377,0.00,0.90,14.25,0.00,15.15,2
SNP379,0.00,6.39,31.74,0.00,38.13,2
SNP380,0.00,21.07,0.00,0.00,21.07,1
SNP401,23.40,0.79,9.27,0.00,33.46,3
SNP402,6.67,0.05,5.73,3.88,16.33,4
SNP403,11.43,0.19,0.11,0.03,11.76,4
SNP404,0.00,1.71,0.00,0.00,1.71,1
SNP405,0.00,0.67,0.00,0.00,0.67,1
SNP407,2.05,0.11,1.38,0.91,4.45,4
SNP408,0.40,0.00,3.52,2.35,6.27,3
SNP409,1.64,0.08,1.84,0.10,3.66,4
SNP410,0.68,0.27,12.47,0.00,13.42,3
SNP411,2.17,0.00,0.43,0.03,2.63,3
SNP412,0.68,0.08,0.05,0.00,0.81,3
SNP413,1.96,0.04,0.23,0.14,2.37,4
SNP414,6.97,0.23,2.50,0.03,9.73,4
SNP415,3.08,0.17,1.52,0.17,4.94,4
SNP416,16.74,0.00,2.38,3.53,22.65,3
SNP417,0.17,0.00,8.70,4.04,12.91,3
SNP418,0.36,0.00,6.78,19.93,27.07,3
SNP419,1.73,0.00,0.94,0.00,2.67,2
SNP420,4.77,0.37,0.36,0.00,5.50,3
SNP421,14.23,0.00,0.41,0.05,14.69,3
SNP425,0.05,0.72,0.00,0.32,1.09,3
SNP426,0.00,0.15,0.00,0.00,0.15,1
SNP427,0.00,0.50,0.00,0.00,0.50,1
SNP428,0.00,0.56,0.00,0.00,0.56,1
SNP430,0.00,0.19,0.12,0.00,0.31,2
SNP433,0.00,8.01,0.00,0.00,8.01,1
SNP434,12.55,0.07,6.68,6.23,25.53,4
SNP435,4.18,0.44,1.28,0.00,5.90,3
SNP436,0.44,0.00,0.39,0.33,1.16,3
SNP437,0.03,0.87,14.75,0.00,15.65,3
SNP443,0.00,1.63,0.00,0.00,1.63,1
SNP444,0.00,1.51,0.00,0.00,1.51,1
SNP445,0.00,3.01,0.00,0.00,3.01,1
SNP446,1.83,0.54,3.56,0.00,5.93,3
SNP447,0.69,0.40,15.20,0.00,16.29,3
SNP448,0.35,2.29,1.62,0.00,4.26,3
SNP449,0.13,2.00,2.65,0.00,4.78,3
SNP450,0.39,6.40,19.03,0.00,25.82,3
SNP451,0.00,0.25,0.00,0.00,0.25,1
SNP452,0.00,1.75,0.00,0.00,1.75,1
SNP453,0.00,1.37,0.00,0.00,1.37,1
SNP454,0.00,0.15,0.00,0.00,0.15,1
SNP458,1.51,0.37,2.96,0.00,4.84,3
SNP459,6.64,0.27,0.84,0.00,7.75,3
SNP460,6.21,0.31,0.90,0.10,7.52,4
SNP461,0.00,2.86,0.01,0.00,2.87,2
SNP462,0.13,8.04,0.67,0.00,8.84,3
SNP463,4.27,1.17,3.43,0.00,8.87,3
SNP467,0.00,3.71,0.00,0.00,3.71,1
SNP468,0.13,2.27,0.00,0.00,2.40,2
SNP469,0.00,0.11,0.00,0.00,0.11,1
SNP470,4.07,0.00,0.68,0.13,4.88,3
SNP471,3.27,0.01,2.01,0.05,5.34,4
SNP472,0.16,0.00,2.72,1.53,4.41,3
SNP473,18.53,0.20,0.48,0.05,19.26,4
SNP474,14.57,0.09,4.37,2.15,21.18,4
SNP475,7.05,0.00,7.32,1.97,16.34,3
SNP479,0.25,0.83,9.91,0.00,10.99,3
SNP480,0.21,0.67,0.05,0.00,0.93,3
SNP481,0.05,0.18,0.53,0.00,0.76,3
SNP501,0.00,3.94,0.00,0.00,3.94,1
SNP502,1.27,0.00,29.73,0.50,31.50,3
SNP503,3.45,0.03,8.93,1.83,14.24,4
SNP504,4.97,0.00,6.92,6.67,18.56,3
SNP505,0.00,14.20,0.00,0.00,14.20,1
SNP506,0.00,24.91,0.00,0.00,24.91,1
SNP507,2.67,11.73,0.00,0.00,14.40,2
SNP508,0.00,1.07,0.00,0.00,1.07,1
SNP509,0.00,38.67,0.00,0.00,38.67,1
SNP510,10.60,0.87,16.53,0.00,28.00,3
SNP511,9.67,5.53,36.07,0.09,51.36,4
SNP512,3.11,0.00,0.87,0.87,4.85,3
SNP513,0.93,0.38,6.67,0.00,7.98,3
SNP514,0.00,26.31,0.00,0.00,26.31,1
SNP515,13.23,0.03,12.67,0.43,26.36,4
SNP516,37.87,4.47,26.33,0.00,68.67,3
SNP517,1.11,0.35,7.39,0.00,8.85,3
SNP518,0.00,14.68,0.00,0.00,14.68,1
SNP519,0.00,22.68,0.00,0.00,22.68,1
SNP520,2.12,0.00,7.60,2.23,11.95,3
SNP521,5.16,0.00,2.01,0.25,7.42,3
SNP522,0.98,0.00,11.60,2.20,14.78,3
SNP523,0.00,22.60,0.00,0.00,22.60,1
SNP524,0.00,15.32,0.00,0.00,15.32,1
SNP525,0.35,0.00,11.67,0.00,12.02,2
SNP526,2.53,0.04,3.37,0.00,5.94,3
SNP527,0.42,0.17,12.47,0.00,13.06,3
SNP528,0.00,10.89,0.00,0.00,10.89,1
SNP529,0.69,0.00,17.20,0.23,18.12,3
SNP530,0.40,0.05,4.27,0.00,4.72,3
SNP531,2.72,0.00,3.73,4.56,11.01,3
SNP532,25.27,0.00,29.00,0.00,54.27,2
SNP533,1.58,0.00,6.67,0.26,8.51,3
SNP534,12.00,0.12,1.87,0.33,14.32,4
SNP535,4.01,0.01,7.67,0.00,11.69,3
SNP536,11.67,0.00,1.78,0.26,13.71,3
SNP537,12.89,0.00,14.53,2.24,29.66,3
SNP538,2.37,0.24,9.22,0.00,11.83,3
SNP539,2.38,0.00,1.72,0.09,4.19,3
SNP540,0.47,0.33,31.07,0.00,31.87,3
SNP541,4.49,0.06,6.22,0.66,11.43,4
SNP542,12.93,0.07,7.51,0.00,20.51,3
SNP543,0.75,0.23,15.87,0.00,16.85,3
SNP544,31.33,0.00,11.73,0.28,43.34,3
SNP545,0.00,28.40,0.00,0.00,28.40,1
SNP546,0.42,0.00,39.47,0.00,39.89,2
SNP547,0.81,0.19,5.33,0.00,6.33,3
SNP548,6.23,0.09,24.53,0.00,30.85,3
SNP549,0.77,0.00,16.67,1.77,19.21,3
SNP550,15.93,0.35,14.00,0.00,30.28,3
SNP551,5.50,0.05,29.67,10.79,46.01,4
SNP552,3.91,0.00,1.21,1.02,6.14,3
SNP553,0.20,0.00,4.18,0.00,4.38,2
SNP554,0.43,0.43,22.70,0.00,23.56,3
SNP555,2.53,0.00,22.20,0.00,24.73,2
SNP556,0.00,12.91,0.00,0.00,12.91,1
SNP557,66.07,0.00,20.59,0.00,86.66,2
SNP558,1.84,0.00,1.42,1.81,5.07,3
SNP559,4.35,0.00,5.74,1.49,11.58,3
SNP560,27.29,0.00,10.37,0.14,37.80,3
SNP561,10.24,0.00,42.53,0.02,52.79,3
SNP562,0.00,17.33,0.00,0.00,17.33,1
SNP563,0.31,0.00,22.88,0.00,23.19,2
SNP564,2.36,0.43,35.97,0.00,38.76,3
SNP565,4.00,0.01,35.07,0.00,39.08,3
SNP566,0.00,0.07,0.00,0.00,0.07,1
SNP567,2.43,0.00,3.41,6.75,12.59,3
SNP568,0.00,0.59,0.00,0.00,0.59,1
SNP569,0.85,0.00,19.04,0.46,20.35,3
SNP570,49.80,0.05,3.53,0.27,53.65,4
SNP571,0.00,25.93,0.00,0.00,25.93,1
SNP572,2.49,0.00,6.05,0.24,8.78,3
SNP573,0.77,0.37,26.13,0.00,27.27,3
SNP574,10.40,0.00,0.55,0.00,10.95,2
SNP575,0.65,0.00,1.49,0.85,2.99,3
SNP576,3.07,0.77,19.33,0.00,23.17,3
SNP577,0.00,4.00,0.00,0.00,4.00,1
SNP578,3.31,0.01,22.53,0.00,25.85,3
SNP579,0.41,0.00,19.13,0.00,19.54,2
SNP580,2.21,0.00,7.93,2.34,12.48,3
SNP581,2.47,0.04,19.80,0.17,22.48,4
SNP582,1.87,50.27,0.00,0.00,52.14,2
SNP603,0.00,0.91,1.03,0.00,1.94,2
SNP604,3.64,0.00,14.80,0.00,18.44,2
SNP605,1.79,0.00,4.49,0.00,6.28,2
SNP608,3.93,12.40,0.00,0.00,16.33,2
SNP609,12.07,0.00,22.47,0.00,34.54,2
SNP612,2.05,0.31,0.00,0.00,2.36,2
SNP614,0.00,1.59,0.47,0.00,2.06,2
SNP617,0.01,2.05,0.41,0.00,2.47,3
SNP619,14.05,0.47,12.00,0.00,26.52,3
SNP621,12.00,0.00,16.80,0.00,28.80,2
SNP622,1.35,0.03,0.00,0.00,1.38,2
SNP623,6.39,0.00,0.01,0.00,6.40,2
SNP627,11.33,1.03,0.27,0.00,12.63,3
SNP628,25.47,0.01,1.18,0.05,26.71,4
SNP629,0.00,4.61,0.23,0.00,4.84,2
SNP630,23.60,0.00,40.47,0.00,64.07,2
SNP632,0.06,0.49,0.37,0.00,0.92,3
SNP634,0.24,0.51,0.47,0.00,1.22,3
SNP638,2.60,0.00,0.00,0.00,2.60,1
SNP639,4.63,0.00,3.81,0.05,8.49,3
SNP642,4.84,0.00,7.11,0.00,11.95,2
SNP643,2.61,0.00,0.30,0.00,2.91,2
SNP645,3.87,7.27,0.00,0.00,11.14,2
SNP647,12.33,1.34,0.97,0.00,14.64,3
SNP648,1.23,0.00,5.49,0.00,6.72,2
SNP649,0.22,0.90,0.52,0.00,1.64,3
SNP652,11.42,0.67,10.87,0.00,22.96,3
SNP653,11.67,0.00,10.47,0.00,22.14,2
SNP657,0.95,0.00,0.42,0.09,1.46,3
SNP662,10.67,0.00,10.73,0.00,21.40,2
SNP663,12.83,0.05,14.93,0.00,27.81,3
SNP665,6.27,0.02,1.04,0.01,7.34,4
SNP666,13.40,0.09,28.27,0.03,41.79,4
SNP667,1.25,5.31,0.01,0.00,6.57,3
SNP668,28.67,1.45,10.80,0.00,40.92,3
SNP669,11.73,10.73,16.33,0.00,38.79,3
SNP670,2.55,0.00,0.08,0.00,2.63,2
SNP672,7.27,0.08,0.00,0.00,7.35,2
SNP673,7.42,14.00,7.16,0.00,28.58,3
SNP674,0.38,0.00,21.27,0.00,21.65,2
SNP676,2.43,0.00,4.30,0.00,6.73,2
SNP677,26.53,2.45,36.27,0.05,65.30,4
SNP681,0.00,0.73,0.35,0.00,1.08,2
SNP705,0.04,0.00,0.00,0.00,0.04,1
SNP706,0.00,0.00,0.00,0.00,0.00,0
SNP708,0.00,0.00,0.00,0.00,0.00,0
SNP709,0.00,0.00,0.00,0.00,0.00,0
SNP710,0.00,0.17,0.00,0.00,0.17,1
SNP714,10.47,0.72,1.83,0.00,13.02,3
SNP716,0.00,0.00,0.00,0.00,0.00,0
SNP717,0.17,0.00,35.60,0.53,36.30,3
SNP718,0.00,0.11,0.00,0.00,0.11,1
SNP720,0.00,0.00,0.00,0.00,0.00,0
SNP721,0.00,0.00,0.00,0.00,0.00,0
SNP723,7.13,1.49,51.00,0.00,59.62,3
SNP725,0.00,0.00,0.00,0.00,0.00,0
SNP727,6.00,0.32,8.43,0.00,14.75,3
SNP728,0.00,0.00,0.00,0.00,0.00,0
SNP729,0.00,0.00,0.00,0.00,0.00,0
SNP732,0.89,0.00,46.87,21.58,69.34,3
SNP733,6.73,0.00,3.55,0.00,10.28,2
SNP735,0.70,0.00,18.40,2.28,21.38,3
SNP736,20.81,3.01,11.27,0.00,35.09,3
SNP737,5.59,0.03,0.63,0.00,6.25,3
SNP738,7.28,0.33,0.07,0.00,7.68,3
SNP739,1.75,0.00,60.80,24.15,86.70,3
SNP740,4.07,0.00,6.75,0.00,10.82,2
SNP741,2.00,0.00,18.87,9.03,29.90,3
SNP742,0.00,0.00,0.00,0.00,0.00,0
SNP744,0.37,0.00,17.67,0.28,18.32,3
SNP745,0.00,0.00,0.00,0.00,0.00,0
SNP746,23.80,2.63,13.67,0.00,40.10,3
SNP747,0.00,0.00,0.00,0.00,0.00,0
SNP748,0.80,0.05,0.13,0.00,0.98,3
SNP749,0.00,0.00,0.00,0.00,0.00,0
SNP750,1.01,0.05,1.58,0.00,2.64,3
SNP751,14.47,0.00,8.07,0.00,22.54,2
SNP752,0.00,0.00,0.00,0.00,0.00,0
SNP753,21.94,0.00,2.61,0.00,24.55,2
SNP755,0.00,0.00,0.00,0.00,0.00,0
SNP756,0.00,0.00,0.00,0.00,0.00,0
SNP757,14.53,1.78,11.93,0.00,28.24,3
SNP758,2.63,0.36,0.09,0.00,3.08,3
SNP759,14.00,2.05,14.55,0.00,30.60,3
SNP760,0.13,0.00,22.73,0.67,23.53,3
SNP761,30.53,4.63,15.40,0.00,50.56,3
SNP766,0.00,0.00,0.00,0.00,0.00,0
SNP767,0.00,0.00,0.00,0.00,0.00,0
SNP768,26.60,1.13,17.60,0.00,45.33,3
SNP769,0.36,0.00,18.27,2.24,20.87,3
SNP770,0.00,0.00,0.00,0.00,0.00,0
SNP771,0.00,0.00,0.00,0.00,0.00,0
SNP772,1.33,0.00,8.69,0.00,10.02,2
SNP775,11.07,0.00,2.25,0.00,13.32,2
SNP776,1.08,0.00,24.93,2.45,28.46,3
SNP777,2.15,0.29,0.29,0.00,2.73,3
SNP778,0.00,0.00,0.00,0.00,0.00,0
SNP779,0.00,0.00,0.00,0.00,0.00,0
SNP781,0.00,0.00,0.00,0.00,0.00,0
SER001,13.07,0.00,15.80,19.87,48.74,3
SER002,4.38,0.00,12.99,9.07,26.44,3
SER003,61.58,0.00,0.21,0.12,61.91,3
SER004,5.99,0.05,71.67,1.33,79.04,4
SER005,5.93,0.00,41.13,5.87,52.93,3
SER006,3.22,0.00,62.60,64.07,129.89,3
SER007,9.35,0.00,11.93,1.73,23.01,3
SER008,8.96,0.00,7.20,21.25,37.41,3
SER009,0.36,0.00,16.27,19.47,36.10,3
SER010,0.01,0.00,1.85,22.53,24.39,3
SER011,0.06,0.00,0.31,3.91,4.28,3
SER012,0.00,0.00,1.76,45.27,47.03,2
SER016,11.53,0.05,2.25,18.13,31.96,4
SER017,10.15,1.18,14.87,2.92,29.12,4
SER018,25.00,0.11,39.27,24.40,88.78,4
SER025,2.56,0.00,8.47,5.15,16.18,3
SER026,5.60,0.00,20.00,7.00,32.60,3
SER027,1.87,0.00,2.79,3.07,7.73,3
SER028,0.00,0.00,0.00,0.00,0.00,0
SER029,0.00,0.00,0.00,0.00,0.00,0
SER030,0.00,0.00,0.00,0.00,0.00,0
SER034,0.25,0.00,0.00,0.01,0.26,2
SER035,0.16,0.00,0.03,0.22,0.41,3
SER036,0.31,0.00,0.00,0.12,0.43,2
SER037,27.47,1.57,18.00,0.01,47.05,4
SER038,24.80,0.53,29.33,0.06,54.72,4
SER039,17.13,0.00,16.60,0.00,33.73,2
SER040,18.00,4.87,20.60,0.00,43.47,3
SER041,18.07,13.00,12.40,0.00,43.47,3
SER042,11.27,12.80,16.40,0.00,40.47,3
SER043,1.16,3.03,18.93,0.00,23.12,3
SER044,8.00,5.51,12.27,0.00,25.78,3
SER045,1.63,4.07,17.87,0.00,23.57,3
SER049,0.00,0.78,0.39,1.86,3.03,3
SER050,0.17,0.07,0.16,1.97,2.37,4
SER051,0.22,0.00,0.00,0.83,1.05,2
SER058,0.00,0.00,0.00,0.37,0.37,1
SER059,0.04,0.00,0.00,0.00,0.04,1
SER060,0.00,0.00,0.00,0.11,0.11,1
SER061,1.99,0.00,0.93,0.05,2.97,3
SER062,2.90,0.00,1.00,0.06,3.96,3
SER063,1.38,0.00,11.63,0.97,13.98,3
SER064,0.15,0.00,1.64,0.00,1.79,2
SER065,2.41,0.00,2.71,0.00,5.12,2
SER066,0.12,0.00,2.22,0.00,2.34,2
SER067,0.05,0.00,0.00,0.00,0.05,1
SER068,0.42,0.00,0.00,0.00,0.42,1
SER069,0.31,0.00,0.00,0.00,0.31,1
SER070,7.54,0.00,15.47,0.00,23.01,2
SER071,2.36,0.00,18.67,0.00,21.03,2
SER072,4.93,0.00,15.27,0.00,20.20,2
SER073,1.29,0.00,5.93,0.00,7.22,2
SER074,2.03,0.00,15.07,0.00,17.10,2
SER075,0.77,0.00,13.97,0.05,14.79,3
SER076,0.00,0.00,0.00,0.26,0.26,1
SER077,3.35,0.00,0.00,0.00,3.35,1
SER078,0.00,0.00,0.00,0.67,0.67,1
SER079,0.00,0.00,0.00,0.00,0.00,0
SER081,0.00,0.00,0.00,0.00,0.00,0
SER082,0.03,0.00,0.00,0.00,0.03,1
SER083,0.00,0.00,0.00,0.00,0.00,0
SER084,0.00,0.00,0.00,0.00,0.00,0
SER085,2.82,0.03,0.00,0.00,2.85,2
SER086,9.43,0.00,0.00,0.00,9.43,1
SER087,5.89,0.00,0.00,0.00,5.89,1
SER088,6.51,0.00,1.92,0.01,8.44,3
SER089,9.41,0.00,1.32,0.00,10.73,2
SER090,5.49,0.00,0.53,0.00,6.02,2
SER091,7.73,0.00,0.00,0.00,7.73,1
SER092,2.67,0.00,0.04,0.00,2.71,2
SER093,5.37,0.00,0.06,0.00,5.43,2
SER094,13.53,1.05,9.33,0.00,23.91,3
SER095,3.47,30.27,6.93,0.00,40.67,3
SER096,7.47,0.65,39.67,0.00,47.79,3
SER097,21.20,8.06,2.60,0.00,31.86,3
SER098,0.66,16.80,10.93,0.00,28.39,3
SER099,4.61,14.40,9.27,0.00,28.28,3
SER100,2.39,11.67,6.40,0.00,20.46,3
SER101,2.22,13.02,4.53,0.00,19.77,3
SER102,0.96,18.85,5.54,0.00,25.35,3
SER103,3.42,0.29,0.00,0.00,3.71,2
SER104,0.69,0.17,0.00,0.00,0.86,2
SER105,10.73,0.00,0.00,0.00,10.73,1
SER106,9.09,2.79,0.00,0.00,11.88,2
SER107,2.56,4.71,0.00,0.00,7.27,2
SER108,2.16,2.11,0.00,0.00,4.27,2
SER109,0.25,6.65,0.67,0.00,7.57,3
SER110,6.67,0.22,5.22,0.00,12.11,3
SER111,1.85,2.95,0.04,0.00,4.84,3
SER112,0.00,0.00,0.00,0.00,0.00,0
SER113,0.11,0.00,0.00,0.00,0.11,1
SER114,0.03,0.00,0.00,0.00,0.03,1
SER115,0.00,0.00,0.00,0.00,0.00,0
SER116,0.00,0.00,0.00,0.00,0.00,0
SER117,0.01,0.00,0.00,0.00,0.01,1
SER118,0.00,0.00,0.00,0.00,0.00,0
SER119,0.06,0.00,0.00,0.00,0.06,1
SER120,0.14,0.21,0.00,0.00,0.35,2
SER121,0.32,0.00,3.66,0.00,3.98,2
SER122,11.22,0.08,4.62,0.00,15.92,3
SER123,5.01,0.21,12.53,0.00,17.75,3
SER124,5.29,0.01,0.05,0.00,5.35,3
SER125,0.31,0.01,0.05,0.00,0.37,3
SER126,3.27,0.00,0.26,0.00,3.53,2
SER130,0.03,8.00,0.00,0.00,8.03,2
SER131,0.02,10.01,0.00,0.00,10.03,2
SER132,0.00,4.27,0.00,0.00,4.27,1
SER133,10.80,3.75,1.93,0.00,16.48,3
SER134,4.22,9.17,0.00,0.00,13.39,2
SER135,2.80,8.87,2.15,0.00,13.82,3
SER136,0.00,53.13,0.00,0.00,53.13,1
SER137,0.74,43.00,0.00,0.00,43.74,2
SER138,1.32,38.27,0.00,0.00,39.59,2
SER184,0.00,0.01,0.00,0.00,0.01,1
SER185,0.00,0.00,0.00,0.00,0.00,0
SER186,0.00,0.39,0.00,0.00,0.39,1
SER187,0.00,0.63,0.00,0.00,0.63,1
SER188,0.00,0.00,0.00,0.00,0.00,0
SER189,0.00,0.05,0.00,0.00,0.05,1
SER190,0.00,6.89,0.00,0.00,6.89,1
SER191,0.00,11.80,0.00,0.00,11.80,1
SER192,1.33,3.06,0.00,0.00,4.39,2
SER193,0.00,0.00,0.00,0.00,0.00,0
SER194,0.00,0.00,0.00,0.00,0.00,0
SER195,0.00,0.02,0.00,0.00,0.02,1
SER196,0.00,0.06,0.00,0.00,0.06,1
SER197,0.00,0.08,0.00,0.00,0.08,1
SER198,0.00,0.00,0.00,0.00,0.00,0
SER199,9.11,0.00,0.00,0.00,9.11,1
SER200,7.13,0.00,0.00,0.00,7.13,1
SER201,1.37,0.00,0.00,0.00,1.37,1
SER202,0.00,0.00,0.00,0.00,0.00,0
SER205,0.16,0.00,0.16,0.13,0.45,3
SER206,0.05,0.00,0.06,0.00,0.11,2
SER208,0.62,0.00,0.67,4.15,5.44,3
SER209,7.33,0.00,1.06,0.00,8.39,2
SER210,0.94,0.00,1.69,0.47,3.10,3
SER214,0.00,0.69,0.00,0.00,0.69,1
SER215,0.00,0.09,0.00,0.00,0.09,1
SER216,0.00,0.05,0.00,0.00,0.05,1
SER217,0.00,0.00,0.00,0.00,0.00,0
SER218,0.00,0.00,0.00,0.00,0.00,0
SER219,0.00,0.00,0.00,0.00,0.00,0
SER221,0.00,0.00,0.00,0.00,0.00,0
SER223,0.53,0.00,0.00,0.00,0.53,1
SER224,0.53,0.00,0.00,0.00,0.53,1
SER225,0.00,0.00,0.00,0.00,0.00,0
SER229,0.21,0.47,0.00,0.00,0.68,2
SER230,8.54,0.00,0.91,0.16,9.61,3
SER231,2.65,0.00,1.10,0.00,3.75,2
SER232,0.28,0.00,0.02,0.00,0.30,2
SER233,0.81,0.00,0.54,0.00,1.35,2
SER234,0.64,0.00,0.10,0.00,0.74,2
SER251,0.00,0.00,0.00,0.00,0.00,0
SER252,0.00,0.00,0.00,0.00,0.00,0
SER253,4.37,9.17,0.06,0.09,13.69,4
SER254,13.27,3.03,0.31,0.00,16.61,3
SER255,11.60,5.34,0.13,0.00,17.07,3
SER259,5.65,2.08,3.22,0.00,10.95,3
SER260,0.16,1.38,0.28,0.00,1.82,3
SER261,1.79,6.43,0.13,0.00,8.35,3
SER262,0.00,11.17,0.83,0.00,12.00,2
SER263,1.29,13.17,0.63,0.00,15.09,3
SER264,0.56,10.49,0.11,0.00,11.16,3
SER265,13.33,0.20,26.56,12.13,52.22,4
SER266,16.93,0.14,1.17,0.07,18.31,4
SER267,12.60,0.00,13.60,0.71,26.91,3
SER271,13.40,0.00,30.20,0.00,43.60,2
SER272,20.07,4.99,0.47,0.03,25.56,4
SER273,43.27,0.47,1.72,0.00,45.46,3
SER277,2.65,0.00,7.65,0.00,10.30,2
SER278,0.49,0.00,1.52,0.00,2.01,2
SER279,0.49,0.00,11.54,0.00,12.03,2
SER280,0.69,0.00,11.67,0.07,12.43,3
SER281,0.47,0.00,4.99,0.00,5.46,2
SER282,0.41,0.00,7.17,0.00,7.58,2
SER283,1.11,0.35,12.20,0.00,13.66,3
SER284,0.70,1.42,8.31,0.00,10.43,3
SER285,1.63,0.12,3.77,0.00,5.52,3
SER286,0.55,0.05,2.67,0.00,3.27,3
SER287,1.63,0.00,2.28,0.00,3.91,2
SER288,2.63,0.68,0.75,0.00,4.06,3
SER289,2.54,0.61,5.01,0.00,8.16,3
SER290,7.47,11.00,16.79,0.00,35.26,3
SER291,1.55,0.05,4.03,0.00,5.63,3
SER293,0.60,6.47,13.80,0.00,20.87,3
SER294,1.28,0.51,22.73,0.00,24.52,3
SER295,1.15,3.87,16.93,0.00,21.95,3
SER296,3.15,3.31,26.60,0.00,33.06,3
SER297,2.39,0.20,42.20,0.39,45.18,4
SER298,2.89,0.49,5.68,0.00,9.06,3
SER299,0.29,0.16,0.05,0.00,0.50,3
SER300,0.16,0.34,0.42,0.00,0.92,3
SER301,0.20,0.76,0.00,0.00,0.96,2
SER305,15.27,0.00,2.07,0.00,17.34,2
SER306,4.48,0.00,5.11,0.00,9.59,2
SER307,12.56,0.06,4.24,0.00,16.86,3
SER308,1.60,0.01,0.31,0.00,1.92,3
SER313,0.00,8.15,0.06,0.00,8.21,2
SER314,11.44,11.73,0.00,0.00,23.17,2
SER315,7.41,3.29,0.03,0.00,10.73,3
SER316,13.87,5.91,0.03,0.00,19.81,3
SER317,7.98,0.05,11.00,0.70,19.73,4
SER318,16.20,0.71,11.80,0.33,29.04,4
SER319,14.71,0.53,8.69,0.94,24.87,4
SER320,6.00,12.00,10.73,0.00,28.73,3
SER321,5.31,0.11,5.59,1.47,12.48,4
SER322,5.67,28.67,7.29,0.40,42.03,4
SER323,1.89,14.59,18.93,0.00,35.41,3
SER324,6.11,0.00,0.87,0.00,6.98,2
SER325,0.51,0.00,6.33,0.00,6.84,2
SER326,3.13,0.00,6.87,0.00,10.00,2
SER327,0.58,0.00,0.68,0.00,1.26,2
SER328,0.00,15.63,0.00,0.00,15.63,1
SER329,2.37,4.01,0.85,0.00,7.23,3
SER331,0.00,2.36,0.00,0.00,2.36,1
SER332,0.06,4.60,0.00,0.00,4.66,2
SER333,2.09,16.73,0.00,0.00,18.82,2
SER337,0.00,4.80,0.00,0.00,4.80,1
SER338,0.00,4.28,0.00,0.00,4.28,1
SER339,0.00,11.07,0.00,0.00,11.07,1
SER340,4.65,0.00,18.93,13.87,37.45,3
SER341,3.55,0.00,18.47,8.33,30.35,3
SER342,5.16,0.00,10.02,6.70,21.88,3
SER343,1.67,0.70,0.00,0.00,2.37,2
SER344,2.57,4.12,0.27,0.00,6.96,3
SER345,9.27,2.87,0.29,0.00,12.43,3
SER346,2.97,1.02,0.19,0.04,4.22,4
SER347,0.05,3.76,0.07,0.00,3.88,3
SER348,10.07,10.27,2.68,0.11,23.13,4
SER349,0.00,14.33,3.09,0.00,17.42,2
SER350,0.47,6.22,0.34,0.00,7.03,3
SER351,0.40,2.92,2.67,0.27,6.26,4
SER359,0.18,6.59,0.92,0.00,7.69,3
SER360,0.31,0.06,0.00,0.00,0.37,2
SER361,0.27,0.49,0.16,0.00,0.92,3
SER362,0.00,0.00,0.00,0.00,0.00,0
SER363,0.00,0.00,0.00,0.00,0.00,0
SER364,0.00,0.00,0.00,0.00,0.00,0
SER368,0.53,0.00,2.67,0.00,3.20,2
SER369,0.00,0.00,0.40,0.00,0.40,1
SER370,0.00,0.00,1.67,0.00,1.67,1
SER371,0.05,0.05,0.25,1.22,1.57,4
SER372,0.07,0.00,0.05,1.01,1.13,3
SER373,0.00,0.00,0.03,0.43,0.46,2
SER374,0.00,0.00,0.00,0.00,0.00,0
SER375,0.00,0.00,0.00,0.00,0.00,0
SER376,0.00,0.00,0.17,0.04,0.21,2
SER380,0.33,0.00,0.60,0.00,0.93,2
SER381,0.00,0.00,0.00,0.00,0.00,0
SER382,0.33,0.00,0.00,0.00,0.33,1
SER984,0.57,0.05,0.50,0.00,1.12,3
SER986,0.11,0.31,0.23,0.00,0.65,3
SER989,3.91,8.23,1.34,0.00,13.48,3
SER383,3.53,0.00,0.02,0.00,3.55,2
SER384,1.04,0.19,0.55,0.00,1.78,3
SER385,1.23,0.09,0.20,0.00,1.52,3
SER386,0.74,0.29,1.73,0.00,2.76,3
SER387,0.43,0.43,0.00,0.00,0.86,2
SER388,0.67,1.47,0.25,0.00,2.39,3
SER389,2.97,1.09,0.00,0.00,4.06,2
SER390,0.05,0.97,0.00,0.00,1.02,2
SER391,0.03,1.87,0.00,0.00,1.90,2
SER392,0.34,0.51,6.69,0.00,7.54,3
SER393,3.89,10.20,2.56,0.00,16.65,3
SER394,0.15,2.08,6.61,0.00,8.84,3
SER395,0.36,6.65,0.00,0.00,7.01,2
SER396,0.79,0.00,0.00,0.00,0.79,1
SER397,0.53,0.05,0.00,0.00,0.58,2
SER398,0.00,0.06,0.00,0.00,0.06,1
SER399,0.00,0.04,0.00,0.00,0.04,1
SER400,0.00,0.00,0.00,0.00,0.00,0
SER401,0.00,1.54,0.00,0.00,1.54,1
SER402,0.00,0.00,0.00,0.00,0.00,0
SER403,0.00,0.05,0.00,0.00,0.05,1
SER404,0.00,0.03,0.00,0.00,0.03,1
SER405,0.00,5.16,0.00,0.00,5.16,1
SER406,0.00,0.00,0.00,0.00,0.00,0
SER407,0.00,0.00,0.00,0.00,0.00,0
SER408,0.00,0.00,0.00,0.00,0.00,0
SER409,0.00,0.42,0.00,0.00,0.42,1
SER410,0.00,2.33,0.00,0.00,2.33,1
SER411,0.00,0.47,0.00,0.00,0.47,1
SER412,0.00,5.17,0.00,0.00,5.17,1
SER413,0.00,0.00,0.00,0.00,0.00,0
SER414,0.00,0.01,0.00,0.00,0.01,1
SER415,0.00,0.05,0.00,0.00,0.05,1
SER416,0.00,0.00,0.00,0.00,0.00,0
SER417,0.00,0.00,0.00,0.00,0.00,0
SER418,0.00,0.29,0.00,0.00,0.29,1
